{"val_loss": [1.434260390663147, 1.0806807332992554, 0.8719927278518677, 0.7866680940628051, 0.7540854761123658, 0.6858739019393921], "val_acc": [0.5143, 0.6353, 0.6978, 0.7272, 0.7386, 0.7594], "loss": [1.6885082956695556, 1.2129916620635985, 1.0031108499145507, 0.8911394222640991, 0.8059323521423339, 0.7429056012916565], "acc": [0.43972, 0.58238, 0.65534, 0.69086, 0.7194, 0.73952]}